id,first_name,second_name,address,phone_number,email
71,Jeremy,Cutnice,"23 Maple Street, Sheffield, S1 2AB",07700 123456,jeremy.cutnice@tvfunmail.com
72,Melanie,Editswel,"45 Oak Avenue, Manchester, M2 3CD",07701 234567,melanie.editswel@postprolol.com
73,Daphne,Showmaker,"12 Willow Crescent, Birmingham, B3 4EF",07702 345678,daphne.showmaker@tvantics.org
74,Percival,Televisington-Smythe,"8 Birch Lane, Newcastle, NE4 5FG",07703 456789,percival.ts@televisingtonsmythe.net
75,Dave,Programly,"36 Elm Close, Liverpool, L5 6GH",07704 567890,ave.programly@tvgeekery.co.uk
76,Samantha,Screenbright,"15 Pine Road, Leeds, LS6 7IJ",07705 678901,samantha.screenbright@mediamirth.com
77,Quentin,Channelcraft,"72 Cedar Terrace, Bristol, BS7 8JK",07706 789012,quentin.channelcraft@broadcastmania.tv
78,Fiona,Flickersworth,"19 Redwood Lane, Nottingham, NG8 9KL",07707 890123,fiona.flickersworth@whimsybroadcasts.com
79,Winston,Viewington,"54 Spruce Avenue, Cardiff, CF9 0MN",07708 901234,winston.viewington@visionaryshows.org
80,Penelope,Broadcaston,"27 Fir Street, Glasgow, G10 1OP",07709 012345,Ppenelope.broadcaston@tvjoyful.com
81,Reginald,Pixelmaster,"63 Aspen Grove, Southampton, SO11 2PQ",07710 123456,reginald.pixelmaster@pixelentertainment.net
82,Tabitha,Dramaflick,"31 Sycamore Drive, Belfast, BT12 3QR",07711 234567,tabitha.dramaflick@thespontv.com
83,Oliver,Visionaire,"40 Chestnut Road, Oxford, OX4 4ST",07712 345678,oliver.visionaire@insightfulbroadcasts.co.uk
84,Priscilla,Reelington,"14 Juniper Close, Cambridge, CB5 5UV",07713 456789,priscilla.reelington@reelwonder.tv
85,Chester,Spectaculo,"22 Laurel Court, Edinburgh, EH6 6WX",07714 567890,chester.spectaculo@specialeffects.tv
